user_id,uninstall_date,reason
4929,2025-06-03,Too many ads
617,2025-06-06,Bugs
9990,2025-05-06,Switched to another app
9275,2025-03-02,Switched to another app
2280,2025-04-12,Switched to another app
4591,2025-01-04,High battery usage
1220,2025-04-01,Not useful
6709,2025-05-14,High battery usage
4161,2025-03-19,Switched to another app
7761,2025-05-10,Switched to another app
7933,2025-05-01,Bugs
2870,2025-05-13,Switched to another app
3645,2024-12-24,High battery usage
8676,2025-04-21,High battery usage
3043,2025-01-13,Not useful
4078,2025-02-11,Switched to another app
9964,2025-04-24,Switched to another app
1241,2025-02-01,Not useful
1946,2025-05-30,High battery usage
6332,2025-03-13,Too many ads
768,2025-01-14,High battery usage
147,2025-01-10,Switched to another app
7407,2025-05-25,Bugs
2413,2025-06-06,Bugs
3666,2025-06-07,Too many ads
6684,2025-03-31,High battery usage
5376,2025-03-07,High battery usage
6524,2025-01-24,Not useful
5524,2025-05-02,Bugs
8903,2025-01-24,Too many ads
7698,2025-03-23,Too many ads
4071,2025-01-28,High battery usage
115,2025-04-12,Switched to another app
4764,2025-02-22,Bugs
2255,2025-03-30,Too many ads
950,2025-01-17,Switched to another app
5832,2025-01-03,High battery usage
1609,2025-01-19,High battery usage
5460,2024-12-22,Not useful
1853,2025-02-13,Not useful
6836,2024-12-22,Bugs
8546,2025-05-23,Bugs
9929,2024-12-26,Switched to another app
6077,2025-04-05,Not useful
875,2024-12-26,Too many ads
2465,2025-04-17,Switched to another app
5050,2025-04-08,High battery usage
2603,2025-05-17,High battery usage
3083,2025-05-26,High battery usage
828,2025-03-19,Bugs
842,2025-04-22,Too many ads
1513,2025-03-03,Switched to another app
2332,2025-06-05,Bugs
3499,2025-05-21,Bugs
1885,2025-02-25,High battery usage
3086,2025-04-17,Switched to another app
9532,2025-04-08,High battery usage
1498,2025-03-03,Not useful
2585,2025-05-12,High battery usage
2511,2025-03-31,Switched to another app
1867,2025-01-17,Bugs
5781,2025-04-30,Too many ads
6159,2025-02-15,Not useful
7972,2025-05-22,Switched to another app
4938,2025-05-07,Bugs
8326,2025-03-02,Switched to another app
2469,2025-01-27,Switched to another app
9943,2025-05-29,High battery usage
3443,2025-01-05,Too many ads
360,2025-04-24,Bugs
5417,2024-12-27,High battery usage
8097,2025-01-21,Bugs
18,2025-05-19,High battery usage
6473,2025-01-15,Switched to another app
6258,2024-12-12,High battery usage
4320,2024-12-17,Not useful
2122,2025-06-07,Too many ads
9105,2025-03-20,Not useful
8761,2025-05-29,Not useful
8330,2025-03-29,Switched to another app
9469,2025-01-13,Bugs
9819,2025-01-07,Switched to another app
553,2025-04-03,Bugs
386,2025-04-20,Not useful
6116,2025-03-30,Switched to another app
9972,2025-03-21,Switched to another app
227,2025-02-06,Bugs
2765,2024-12-12,Not useful
7025,2025-01-27,Switched to another app
112,2025-04-15,Switched to another app
6710,2025-05-04,Switched to another app
9131,2025-06-04,Too many ads
6057,2024-12-30,Not useful
7957,2025-01-14,Bugs
5164,2025-04-22,Bugs
7012,2025-04-29,High battery usage
669,2024-12-27,High battery usage
6245,2025-05-25,Bugs
9143,2025-04-01,Bugs
4425,2025-05-29,Not useful
3592,2025-05-02,Bugs
498,2025-05-26,High battery usage
4049,2025-03-11,Not useful
6740,2025-03-28,Not useful
4772,2025-01-09,Not useful
1466,2025-04-23,Not useful
5924,2025-02-17,Not useful
8860,2025-03-14,Not useful
9017,2025-03-19,Too many ads
9338,2025-05-14,High battery usage
7029,2025-05-30,Bugs
5828,2025-03-12,High battery usage
2825,2024-12-17,Too many ads
3006,2025-04-08,Bugs
8270,2025-05-03,Too many ads
2756,2025-02-11,Not useful
2682,2025-04-23,High battery usage
3200,2025-04-28,Too many ads
4770,2025-04-09,Too many ads
3113,2025-05-13,Switched to another app
7120,2025-03-19,Not useful
2768,2025-06-08,Not useful
9665,2025-04-11,Switched to another app
3240,2025-05-14,Bugs
4028,2025-05-15,Too many ads
6361,2024-12-16,High battery usage
7275,2025-03-12,Bugs
8323,2025-03-17,Not useful
3427,2025-04-08,Switched to another app
4566,2025-02-15,High battery usage
745,2025-05-07,Too many ads
455,2025-05-14,Bugs
2882,2024-12-18,Switched to another app
5657,2025-05-03,Switched to another app
7851,2025-01-28,Too many ads
9471,2025-04-17,High battery usage
870,2025-06-04,Too many ads
4642,2025-05-07,Bugs
1844,2025-04-11,High battery usage
3970,2025-03-11,Not useful
8082,2024-12-28,Too many ads
8584,2025-03-19,Not useful
8252,2025-05-22,Bugs
8265,2025-05-06,High battery usage
9624,2025-01-09,Too many ads
4359,2025-04-07,High battery usage
3920,2025-03-27,Not useful
2781,2025-01-27,High battery usage
4718,2025-05-28,Not useful
4520,2025-04-06,Not useful
1272,2025-05-10,Not useful
3548,2025-02-23,Bugs
4698,2025-02-15,Not useful
9638,2025-01-26,Not useful
2668,2025-01-15,Not useful
4345,2025-02-06,Too many ads
4436,2025-04-25,High battery usage
3526,2025-01-19,Not useful
7390,2025-04-02,Not useful
8710,2025-04-07,Too many ads
3384,2025-01-13,High battery usage
8808,2025-03-23,Not useful
5249,2025-03-23,Bugs
8862,2025-04-24,Bugs
8475,2025-03-27,High battery usage
6213,2025-05-08,High battery usage
8834,2024-12-16,Not useful
4829,2025-05-18,High battery usage
923,2025-04-01,Bugs
2382,2025-04-23,Switched to another app
1060,2024-12-26,High battery usage
4262,2024-12-19,Switched to another app
9707,2024-12-28,Not useful
7310,2024-12-20,Not useful
5250,2025-02-15,Not useful
1626,2025-02-25,High battery usage
1930,2025-03-20,Not useful
7054,2025-02-09,Not useful
607,2025-01-14,Switched to another app
9097,2025-03-01,High battery usage
6030,2025-03-22,Switched to another app
2397,2025-04-28,Too many ads
9367,2024-12-19,Switched to another app
155,2025-04-16,Switched to another app
7517,2025-05-19,Bugs
3250,2025-04-29,Too many ads
9056,2024-12-13,Bugs
1824,2025-06-05,Bugs
1322,2025-04-13,Not useful
6989,2025-05-05,Not useful
2261,2025-04-21,Not useful
3064,2025-03-30,Switched to another app
1591,2025-03-10,Bugs
6536,2025-03-22,Bugs
9261,2025-01-12,High battery usage
4317,2025-04-12,Not useful
7848,2025-02-13,Too many ads
9377,2025-03-24,Too many ads
9071,2025-05-28,Not useful
1632,2025-02-02,Too many ads
9281,2025-03-20,Bugs
8854,2025-01-19,High battery usage
4056,2024-12-27,Switched to another app
6793,2025-02-24,Not useful
96,2025-04-24,Too many ads
5346,2025-01-10,Too many ads
7599,2025-05-31,High battery usage
9107,2025-04-17,Not useful
6712,2025-01-25,Too many ads
5234,2024-12-25,Not useful
9066,2025-05-19,Bugs
1363,2025-05-26,High battery usage
2304,2025-02-27,Too many ads
4712,2025-05-11,Too many ads
9540,2025-06-07,Switched to another app
1614,2025-05-04,Bugs
2564,2024-12-29,Too many ads
6583,2025-01-15,Too many ads
9148,2025-04-14,Not useful
8166,2025-01-04,Switched to another app
773,2025-02-25,Too many ads
9142,2025-03-11,Not useful
8688,2025-03-17,Too many ads
3167,2025-06-05,Not useful
2391,2025-04-21,Not useful
3134,2025-03-16,Too many ads
6752,2024-12-21,Too many ads
9626,2025-04-21,Not useful
1458,2024-12-11,Too many ads
4519,2025-04-19,Switched to another app
9803,2024-12-23,Not useful
3556,2024-12-27,High battery usage
5547,2025-03-18,Bugs
4814,2025-06-02,Not useful
9028,2025-05-05,Too many ads
7471,2025-04-09,Not useful
690,2025-03-15,Bugs
526,2025-04-29,Bugs
5416,2024-12-24,Not useful
1653,2025-03-09,Switched to another app
999,2025-02-07,Bugs
7566,2025-05-05,Too many ads
2723,2025-06-03,Bugs
6556,2025-04-21,Too many ads
4094,2025-02-17,Bugs
1845,2025-03-09,Too many ads
5867,2025-05-07,Too many ads
359,2025-01-30,Bugs
6232,2025-03-27,Not useful
4361,2024-12-26,High battery usage
5581,2025-05-26,Bugs
9757,2025-03-16,Too many ads
4111,2025-04-15,Bugs
3175,2025-03-30,Switched to another app
567,2025-01-27,Not useful
8807,2025-02-26,Not useful
7978,2024-12-26,Switched to another app
3197,2025-05-29,High battery usage
5514,2025-05-03,Too many ads
2865,2024-12-24,Not useful
3346,2025-02-28,Too many ads
122,2025-05-26,Switched to another app
4133,2025-05-11,High battery usage
7643,2025-04-12,Too many ads
4129,2025-06-01,Not useful
6991,2025-01-16,Switched to another app
6764,2025-04-28,Not useful
1175,2025-05-10,Not useful
9899,2025-01-27,Bugs
6714,2025-05-08,Not useful
7342,2025-04-28,Bugs
2559,2025-03-12,Switched to another app
6315,2025-03-20,Bugs
8713,2025-04-23,High battery usage
2537,2025-03-28,Switched to another app
8167,2024-12-20,Too many ads
1752,2025-04-29,High battery usage
2937,2024-12-24,High battery usage
8899,2025-03-18,Bugs
2415,2025-06-05,Switched to another app
8720,2025-02-23,Switched to another app
3769,2025-02-23,Switched to another app
7878,2025-02-21,Switched to another app
6471,2025-03-18,High battery usage
2305,2025-03-19,Bugs
6842,2025-03-10,Not useful
912,2025-01-15,Too many ads
4868,2025-04-12,High battery usage
5324,2025-03-20,Too many ads
9914,2025-02-25,Not useful
8820,2025-02-01,Switched to another app
1576,2025-03-04,Switched to another app
9759,2025-03-14,High battery usage
195,2025-05-09,Too many ads
2352,2025-01-13,Too many ads
4892,2024-12-31,High battery usage
9726,2025-02-28,Bugs
2976,2024-12-29,High battery usage
8729,2025-06-07,High battery usage
7134,2024-12-27,High battery usage
2552,2025-04-15,Switched to another app
8095,2025-03-01,High battery usage
2574,2025-04-22,Not useful
1672,2025-05-25,Not useful
4132,2024-12-15,Switched to another app
7086,2025-01-09,Switched to another app
1132,2025-02-13,High battery usage
2766,2025-03-22,Not useful
3418,2025-02-13,Bugs
11,2025-04-16,Too many ads
2916,2025-02-25,Switched to another app
7597,2025-02-15,Bugs
4032,2025-04-02,High battery usage
2166,2025-06-03,High battery usage
1253,2025-05-03,Not useful
7823,2025-02-13,Bugs
109,2025-02-02,Too many ads
7408,2025-01-15,Too many ads
5431,2025-04-05,High battery usage
1530,2024-12-11,Not useful
6436,2025-02-22,Bugs
6841,2025-06-08,Switched to another app
3797,2025-05-12,Too many ads
8462,2025-03-24,Switched to another app
1140,2025-03-15,Too many ads
4204,2025-04-23,Bugs
3639,2025-05-27,Too many ads
7136,2025-05-09,High battery usage
482,2025-05-12,Too many ads
9746,2025-05-06,Switched to another app
3060,2025-02-17,Switched to another app
9231,2025-01-19,Too many ads
2257,2025-05-11,Too many ads
9998,2025-03-27,Bugs
7418,2025-05-21,Not useful
523,2025-05-15,Too many ads
5345,2024-12-12,Too many ads
5706,2025-02-20,Too many ads
5290,2025-03-10,Switched to another app
6629,2024-12-21,High battery usage
6620,2024-12-21,Switched to another app
5048,2025-05-23,High battery usage
8920,2025-01-23,High battery usage
2071,2025-03-20,Bugs
2317,2025-01-28,High battery usage
1818,2025-01-24,High battery usage
4794,2025-04-02,Bugs
4715,2024-12-13,Bugs
5372,2024-12-19,Switched to another app
3139,2025-04-03,Not useful
4709,2024-12-17,Too many ads
5764,2025-01-01,Bugs
2921,2025-03-26,Too many ads
2302,2025-02-15,High battery usage
2775,2025-02-14,Too many ads
8855,2025-04-17,Not useful
5513,2025-03-06,Not useful
349,2024-12-15,Not useful
6065,2024-12-14,Too many ads
300,2025-04-25,Not useful
9305,2025-04-06,Too many ads
6705,2025-04-05,Too many ads
2617,2025-04-24,Too many ads
6513,2024-12-28,Not useful
7525,2025-05-18,Not useful
6624,2025-02-26,Too many ads
5350,2025-01-26,Too many ads
8062,2025-04-05,Bugs
5929,2024-12-31,Not useful
5067,2025-03-05,Switched to another app
32,2025-03-25,Bugs
8271,2025-04-30,Bugs
5731,2025-05-04,Not useful
97,2025-02-21,Bugs
672,2025-06-02,High battery usage
7196,2025-04-23,Switched to another app
8490,2025-05-19,Bugs
2615,2025-01-05,Bugs
2137,2025-03-08,Switched to another app
9308,2025-01-19,Too many ads
7897,2025-01-08,Switched to another app
7404,2025-05-14,Switched to another app
9342,2025-05-16,High battery usage
4217,2025-04-07,Bugs
3696,2025-05-18,Too many ads
9644,2025-04-28,Switched to another app
4589,2025-05-30,Bugs
5344,2025-03-21,Switched to another app
6092,2025-03-14,Too many ads
6210,2025-04-05,Too many ads
7760,2025-05-08,High battery usage
836,2025-03-15,Switched to another app
3462,2025-04-18,Not useful
7561,2025-03-30,Switched to another app
4740,2025-02-19,Switched to another app
322,2025-06-06,Switched to another app
339,2024-12-13,Bugs
1748,2025-04-18,High battery usage
5949,2025-01-02,High battery usage
2798,2025-05-21,Too many ads
4364,2025-05-12,High battery usage
5677,2025-02-06,High battery usage
4828,2025-04-05,Too many ads
1065,2025-05-17,Bugs
142,2025-06-01,Switched to another app
1323,2025-01-08,Switched to another app
211,2025-05-06,High battery usage
8426,2025-04-23,Not useful
3848,2025-04-07,High battery usage
7490,2024-12-26,Switched to another app
7539,2025-02-15,Switched to another app
8933,2025-01-29,Bugs
2162,2025-02-22,High battery usage
7664,2025-02-13,Switched to another app
685,2025-06-04,Too many ads
1367,2025-05-16,Too many ads
8653,2025-05-12,Not useful
529,2025-01-22,High battery usage
9518,2025-04-18,Bugs
3950,2025-03-14,Switched to another app
2572,2025-06-08,Too many ads
9316,2025-05-11,Bugs
6059,2025-03-20,Bugs
1918,2025-03-21,High battery usage
7304,2024-12-25,Bugs
7002,2025-04-18,Bugs
40,2025-01-16,Too many ads
2697,2024-12-13,Not useful
1837,2025-04-01,High battery usage
3605,2025-03-20,Not useful
9358,2025-04-14,High battery usage
8435,2025-04-20,Bugs
8065,2025-02-05,Bugs
8770,2025-06-05,Too many ads
433,2025-03-17,Not useful
3542,2024-12-18,Too many ads
7728,2025-05-22,Not useful
4275,2025-05-06,Bugs
766,2025-02-06,Not useful
3837,2025-01-30,Bugs
299,2025-02-20,High battery usage
1023,2025-04-25,Bugs
5247,2025-01-09,Not useful
4768,2024-12-26,High battery usage
2942,2025-02-07,Too many ads
4117,2025-01-17,Not useful
8949,2025-06-05,Not useful
7283,2025-04-13,Too many ads
9932,2025-01-06,High battery usage
967,2025-04-15,High battery usage
5489,2025-04-08,Bugs
7811,2025-03-23,Bugs
4358,2025-03-08,Bugs
5971,2025-02-19,Bugs
1658,2024-12-19,Switched to another app
5970,2025-04-01,Not useful
3865,2025-01-29,Too many ads
2746,2024-12-13,Too many ads
8451,2025-05-10,Too many ads
177,2025-02-02,Too many ads
275,2025-05-29,Switched to another app
9953,2025-05-19,Bugs
1686,2024-12-31,High battery usage
6420,2025-04-28,High battery usage
2321,2025-06-05,Switched to another app
6019,2025-06-07,Not useful
5319,2024-12-14,High battery usage
947,2025-01-27,High battery usage
7106,2024-12-24,Not useful
996,2025-05-13,Too many ads
9969,2025-03-08,Bugs
3571,2025-01-15,Bugs
8037,2025-02-05,Bugs
6063,2025-03-14,Switched to another app
9590,2025-02-17,Too many ads
1404,2025-04-27,High battery usage
9260,2025-02-20,Bugs
1113,2025-03-19,Bugs
9792,2025-02-02,Not useful
435,2025-03-17,Not useful
9916,2025-01-09,High battery usage
7887,2025-04-15,Switched to another app
8157,2025-06-08,Bugs
3581,2025-01-25,Not useful
246,2024-12-20,Too many ads
6419,2025-02-14,Bugs
3884,2024-12-30,Too many ads
5864,2025-03-26,Not useful
6976,2025-02-03,Bugs
3480,2025-01-23,Switched to another app
7198,2025-01-14,High battery usage
9168,2025-02-15,Bugs
8115,2025-01-06,Not useful
3589,2025-01-02,Too many ads
3420,2025-04-27,Too many ads
3142,2025-03-05,Too many ads
534,2025-02-13,Not useful
2422,2024-12-18,Not useful
843,2025-01-23,High battery usage
1932,2025-05-05,High battery usage
9149,2025-05-01,Bugs
6683,2025-02-19,Bugs
4683,2025-04-15,Switched to another app
512,2025-02-15,Too many ads
3209,2025-03-28,Switched to another app
2016,2025-02-20,Not useful
595,2025-03-26,Bugs
5161,2025-05-13,High battery usage
1770,2025-02-25,Bugs
7214,2025-02-01,Bugs
4854,2024-12-11,Too many ads
5957,2025-06-07,Too many ads
2041,2025-04-08,Switched to another app
9166,2025-04-06,High battery usage
3391,2025-04-10,High battery usage
8897,2025-01-01,Too many ads
2900,2025-05-11,Too many ads
2024,2025-01-27,Switched to another app
7448,2025-01-20,High battery usage
7620,2025-04-21,Bugs
3473,2025-01-14,Not useful
1804,2025-05-16,Switched to another app
9652,2024-12-24,Not useful
663,2025-03-19,Not useful
7092,2025-03-07,Not useful
6192,2025-05-08,Switched to another app
6598,2025-03-03,Too many ads
5419,2025-04-29,Bugs
8455,2025-01-02,Switched to another app
1490,2025-05-26,Not useful
5363,2025-02-03,Too many ads
1420,2025-03-25,Too many ads
3928,2025-04-29,Switched to another app
9575,2025-01-13,Bugs
9882,2025-04-28,Too many ads
608,2025-01-06,High battery usage
7647,2025-04-07,Too many ads
9268,2025-02-01,Too many ads
3594,2025-02-20,Switched to another app
6653,2025-05-04,Not useful
9856,2025-03-10,Bugs
1386,2025-05-30,Too many ads
2995,2025-03-29,Switched to another app
7645,2025-04-23,High battery usage
1873,2025-04-07,Too many ads
4650,2025-04-20,Too many ads
6641,2025-02-04,Too many ads
5646,2025-02-11,Not useful
373,2025-03-13,Too many ads
8571,2025-03-09,High battery usage
5691,2025-03-19,Not useful
1579,2025-05-21,Too many ads
6702,2025-03-23,Not useful
4184,2025-04-14,Not useful
7451,2025-05-04,Not useful
7274,2025-03-19,Too many ads
2676,2025-02-01,High battery usage
1192,2025-01-23,Switched to another app
348,2025-03-03,High battery usage
3817,2024-12-18,Bugs
5911,2025-04-29,High battery usage
1923,2025-01-24,Too many ads
8025,2025-01-27,Bugs
8327,2025-03-20,Too many ads
970,2025-02-01,Switched to another app
1562,2025-05-03,Switched to another app
7039,2025-02-06,Not useful
9561,2025-02-03,Bugs
5127,2025-01-03,Switched to another app
1102,2025-02-14,Bugs
7860,2025-03-17,Bugs
6946,2025-03-12,High battery usage
3704,2025-03-20,Bugs
1670,2025-03-11,Bugs
2297,2025-05-19,High battery usage
9106,2025-01-22,Switched to another app
6415,2025-05-25,Not useful
6794,2025-03-19,Not useful
8788,2025-02-14,Not useful
4427,2024-12-23,High battery usage
4831,2024-12-28,Switched to another app
7601,2024-12-13,Too many ads
5747,2024-12-13,High battery usage
9363,2025-04-26,Too many ads
6147,2024-12-14,High battery usage
6426,2025-01-18,Not useful
8922,2024-12-12,High battery usage
9662,2025-01-10,Switched to another app
8588,2025-04-07,High battery usage
5744,2025-05-29,Switched to another app
3312,2025-01-28,Bugs
3860,2025-06-01,Bugs
4067,2025-03-28,Too many ads
9436,2025-03-16,High battery usage
7004,2025-03-19,Switched to another app
7540,2025-01-15,Bugs
422,2025-02-20,Not useful
2924,2025-02-21,Switched to another app
635,2025-02-16,Too many ads
2936,2025-04-01,Not useful
8202,2025-01-21,High battery usage
6612,2025-03-26,Bugs
180,2025-03-10,Bugs
3747,2024-12-18,Switched to another app
4848,2025-04-06,Too many ads
3183,2025-01-26,Bugs
6562,2025-06-02,High battery usage
2450,2025-06-05,Switched to another app
449,2025-05-23,High battery usage
662,2025-01-01,Bugs
4726,2024-12-25,Too many ads
4568,2025-01-03,Not useful
9122,2024-12-13,Switched to another app
5703,2025-01-14,High battery usage
7357,2025-04-12,Switched to another app
6384,2025-02-01,High battery usage
9050,2025-03-05,Not useful
1148,2025-05-21,Bugs
1921,2025-04-13,Switched to another app
5181,2025-04-14,Switched to another app
1384,2025-04-24,Not useful
6267,2025-04-12,High battery usage
565,2025-04-28,High battery usage
1546,2025-01-08,High battery usage
5277,2025-01-29,Bugs
2629,2025-02-19,Bugs
1356,2025-02-04,Not useful
2778,2025-05-30,Switched to another app
2985,2025-04-13,Bugs
3152,2024-12-30,Too many ads
3398,2025-03-01,Switched to another app
334,2025-04-04,Bugs
7176,2025-01-22,Too many ads
7604,2025-02-03,Too many ads
7073,2025-03-04,Not useful
5623,2025-03-15,Not useful
2840,2025-02-25,Switched to another app
2432,2025-05-03,Not useful
2405,2024-12-15,Bugs
5114,2025-03-30,High battery usage
5025,2025-01-04,Not useful
6669,2025-01-03,Bugs
7499,2025-05-10,Too many ads
4865,2025-05-21,Switched to another app
3883,2025-03-21,Bugs
3430,2025-03-18,Too many ads
8612,2025-01-15,Too many ads
1465,2025-01-17,Not useful
8784,2025-01-25,Not useful
9126,2025-02-08,Not useful
5700,2025-02-25,High battery usage
4061,2025-04-14,Bugs
6960,2025-05-19,Bugs
6782,2025-05-03,Not useful
9739,2025-01-31,Bugs
346,2025-05-10,Switched to another app
2400,2025-04-08,High battery usage
7143,2025-04-13,Too many ads
3199,2025-05-24,Switched to another app
8144,2025-02-19,Switched to another app
231,2025-02-10,Not useful
8286,2025-04-03,Bugs
5321,2025-03-01,Not useful
9246,2025-03-21,Switched to another app
9069,2025-03-17,Too many ads
1217,2025-05-07,Too many ads
4265,2025-01-06,Not useful
6043,2025-05-27,Switched to another app
1927,2024-12-15,Not useful
2879,2025-04-21,High battery usage
1200,2025-02-21,High battery usage
4946,2025-03-13,Switched to another app
6186,2025-05-07,Bugs
853,2025-04-15,High battery usage
1313,2025-05-01,Bugs
2896,2024-12-11,Bugs
4680,2025-02-02,Bugs
6178,2025-03-05,Bugs
6470,2025-05-23,Not useful
315,2025-03-29,High battery usage
9499,2025-01-25,High battery usage
1714,2025-02-27,Bugs
3869,2025-04-29,Not useful
3652,2025-02-23,Too many ads
6805,2025-03-30,High battery usage
9403,2025-02-20,Not useful
9335,2025-04-26,Not useful
680,2025-02-27,High battery usage
8609,2025-05-23,Too many ads
3524,2024-12-24,Too many ads
3408,2025-01-18,Switched to another app
8911,2025-01-31,Switched to another app
6912,2025-03-24,Too many ads
5426,2025-06-01,Not useful
9910,2025-03-25,Not useful
9602,2025-03-05,Not useful
6015,2025-03-13,Switched to another app
5495,2025-05-06,Bugs
3554,2025-04-11,Not useful
388,2025-02-03,Too many ads
2253,2025-06-08,Bugs
5669,2024-12-27,Too many ads
7702,2025-01-01,High battery usage
2577,2025-01-16,High battery usage
7234,2025-01-17,Switched to another app
8007,2025-02-25,High battery usage
3795,2024-12-18,High battery usage
4974,2025-01-07,Switched to another app
4183,2025-05-17,Too many ads
6424,2025-04-05,Not useful
2190,2025-01-30,Too many ads
313,2025-04-10,Bugs
6119,2025-05-24,High battery usage
1992,2025-04-07,Switched to another app
8172,2025-01-26,Bugs
6435,2024-12-29,Bugs
1268,2025-05-05,Bugs
6943,2025-03-26,Not useful
5369,2025-05-20,High battery usage
175,2025-04-14,High battery usage
7884,2025-02-04,Switched to another app
320,2025-05-23,Too many ads
9146,2025-05-22,High battery usage
5494,2025-04-20,Too many ads
5815,2025-02-06,Bugs
217,2025-05-11,Too many ads
1193,2025-02-21,Too many ads
4875,2025-04-05,Bugs
8176,2025-03-25,Switched to another app
5616,2025-02-11,Switched to another app
2473,2025-02-24,Too many ads
3468,2025-05-08,High battery usage
1711,2025-03-12,Too many ads
7570,2025-03-21,Not useful
9909,2025-05-26,High battery usage
3751,2025-01-31,High battery usage
9611,2024-12-19,Too many ads
342,2025-02-18,High battery usage
6282,2024-12-28,High battery usage
409,2025-02-03,Not useful
2468,2025-01-08,Switched to another app
9678,2025-05-02,Switched to another app
8611,2025-03-04,Switched to another app
9753,2025-05-11,High battery usage
1855,2025-02-13,High battery usage
1142,2025-02-13,Not useful
5101,2024-12-20,Too many ads
4003,2025-03-05,Switched to another app
4691,2024-12-30,High battery usage
2804,2025-02-26,Switched to another app
3927,2025-02-28,Not useful
229,2025-04-18,Too many ads
1459,2025-04-05,Bugs
6542,2024-12-15,Not useful
3626,2024-12-23,High battery usage
5664,2025-02-27,Bugs
8471,2025-03-25,Switched to another app
9404,2025-03-30,Bugs
4240,2025-05-09,Too many ads
513,2025-05-10,Too many ads
5140,2025-05-22,High battery usage
4649,2025-03-26,Not useful
7286,2024-12-15,Not useful
1387,2025-04-19,Not useful
9123,2025-02-18,Too many ads
9371,2025-05-28,High battery usage
3023,2025-03-15,High battery usage
6595,2025-05-06,Not useful
8178,2025-05-10,Switched to another app
7554,2025-03-06,Bugs
1806,2025-05-20,Not useful
8514,2025-03-25,Too many ads
3348,2025-05-06,Bugs
4525,2025-04-30,High battery usage
1203,2025-04-06,Bugs
652,2025-04-25,Too many ads
3791,2024-12-21,High battery usage
6603,2025-06-07,Too many ads
1494,2025-02-10,Too many ads
3677,2024-12-27,Switched to another app
7208,2024-12-24,Not useful
92,2025-03-17,Not useful
9862,2025-06-08,High battery usage
176,2025-05-30,Bugs
9812,2025-03-04,Bugs
3759,2025-04-28,Switched to another app
1051,2025-02-16,Switched to another app
5779,2025-03-10,Bugs
6235,2025-02-12,High battery usage
186,2025-02-03,Too many ads
4036,2025-04-15,Bugs
5838,2024-12-13,Too many ads
1689,2025-02-26,High battery usage
8916,2025-05-27,Bugs
6352,2025-06-08,Not useful
6095,2024-12-23,High battery usage
9773,2025-02-05,Too many ads
7374,2024-12-19,High battery usage
6087,2024-12-14,Too many ads
479,2024-12-12,High battery usage
6645,2025-02-09,Too many ads
1031,2025-02-19,Bugs
7901,2025-05-13,Not useful
472,2025-03-21,Bugs
1394,2025-04-10,Switched to another app
7807,2025-02-01,Bugs
2706,2025-02-16,Too many ads
764,2025-01-16,Too many ads
4777,2025-01-18,Switched to another app
5967,2025-04-27,Too many ads
3155,2025-04-10,Too many ads
5655,2025-01-07,Not useful
194,2025-02-04,Not useful
5805,2025-04-07,Bugs
6152,2025-05-31,Too many ads
901,2025-01-26,Switched to another app
9072,2025-01-06,Not useful
2060,2025-03-29,Bugs
9128,2025-05-29,Bugs
1464,2025-05-08,High battery usage
2605,2025-01-06,Not useful
9630,2025-05-13,Bugs
3516,2025-05-02,Too many ads
257,2025-02-13,Too many ads
6755,2025-05-08,Bugs
968,2025-06-06,Switched to another app
9979,2025-05-14,Switched to another app
5470,2025-04-02,High battery usage
6529,2025-05-09,Too many ads
4336,2024-12-28,Switched to another app
1584,2025-04-14,Bugs
3218,2025-04-20,Not useful
5758,2025-03-14,Switched to another app
7871,2025-05-21,Bugs
2955,2025-05-16,Bugs
4966,2025-03-13,Not useful
5925,2025-01-15,Too many ads
7911,2025-01-28,High battery usage
7857,2024-12-11,Switched to another app
8845,2024-12-31,Too many ads
4343,2025-02-10,Switched to another app
8088,2025-04-15,Switched to another app
4385,2025-05-27,High battery usage
4442,2025-05-07,Switched to another app
7358,2024-12-16,Not useful
2990,2024-12-20,Bugs
7155,2025-03-15,Switched to another app
9023,2025-02-22,Not useful
2608,2025-04-02,High battery usage
2482,2025-04-03,Switched to another app
5217,2024-12-11,High battery usage
4961,2025-02-02,High battery usage
9623,2025-03-16,Not useful
6381,2025-03-08,Too many ads
7114,2025-02-27,Switched to another app
3311,2025-04-20,Bugs
1110,2025-05-07,Switched to another app
4987,2024-12-26,Bugs
1435,2025-05-05,High battery usage
5016,2024-12-30,Switched to another app
3147,2025-05-07,High battery usage
8537,2025-01-15,Bugs
6515,2025-01-24,High battery usage
8629,2025-04-25,High battery usage
867,2025-05-24,Switched to another app
7773,2025-05-07,Too many ads
6985,2025-02-17,Switched to another app
4138,2025-02-22,Not useful
7195,2025-04-02,Switched to another app
3803,2025-02-02,Bugs
6188,2025-04-11,Not useful
7686,2025-03-31,High battery usage
7584,2025-05-12,Switched to another app
6458,2025-05-06,Bugs
166,2025-05-02,High battery usage
5192,2025-04-05,High battery usage
1191,2025-01-13,High battery usage
8547,2025-05-13,Bugs
3707,2025-03-18,Switched to another app
6539,2025-03-04,Not useful
6778,2025-01-22,Too many ads
7606,2024-12-18,Switched to another app
6345,2025-06-07,High battery usage
6622,2025-01-08,Too many ads
9075,2025-05-17,Not useful
4766,2024-12-18,High battery usage
8680,2025-01-06,Not useful
8518,2024-12-22,Not useful
6621,2024-12-30,Not useful
6584,2025-05-06,Bugs
7603,2025-04-15,Not useful
5477,2024-12-14,Too many ads
3383,2025-03-13,Bugs
7576,2025-03-16,Switched to another app
2621,2025-04-27,Bugs
6022,2025-03-27,High battery usage
6664,2025-05-26,High battery usage
5311,2025-01-16,Switched to another app
2228,2025-02-14,Bugs
5168,2025-03-24,Too many ads
4573,2025-04-20,Switched to another app
9111,2024-12-17,Bugs
2281,2024-12-14,Too many ads
5918,2025-01-15,Switched to another app
5760,2025-02-23,Not useful
6113,2025-04-02,Switched to another app
9427,2025-01-15,Not useful
2533,2025-01-10,Not useful
1649,2025-02-21,High battery usage
2165,2025-02-03,Too many ads
6007,2024-12-24,Not useful
7424,2025-02-10,Bugs
5188,2025-01-02,Bugs
3686,2025-02-25,Bugs
4711,2024-12-29,High battery usage
2032,2025-03-26,Bugs
286,2024-12-26,Not useful
5840,2025-05-19,Not useful
6996,2024-12-22,Switched to another app
1926,2024-12-11,Too many ads
4544,2025-06-03,High battery usage
9594,2025-03-11,Bugs
2747,2025-02-09,Too many ads
7183,2024-12-11,High battery usage
8724,2025-01-26,Bugs
2586,2025-01-12,Bugs
3206,2025-04-06,High battery usage
5896,2025-01-22,Too many ads
4416,2025-03-08,Bugs
9343,2025-04-01,High battery usage
7399,2024-12-28,Too many ads
3945,2025-04-21,High battery usage
7515,2024-12-26,Too many ads
5257,2025-04-10,Bugs
654,2025-02-19,Too many ads
1666,2025-05-21,Bugs
5766,2025-03-28,Switched to another app
8395,2025-02-27,High battery usage
4044,2025-01-29,Not useful
5299,2025-01-22,High battery usage
3169,2025-01-21,Bugs
8895,2025-03-21,Bugs
2064,2025-02-28,Not useful
7622,2025-04-13,Too many ads
2091,2024-12-19,Bugs
489,2025-02-14,Too many ads
8470,2025-02-18,Too many ads
3659,2025-05-20,Too many ads
1447,2025-01-20,Switched to another app
7325,2025-03-20,Too many ads
2861,2025-01-19,Not useful
376,2025-05-20,Switched to another app
8117,2025-05-28,Bugs
4947,2025-03-22,Switched to another app
4668,2024-12-31,Not useful
9454,2025-05-18,Bugs
3178,2025-05-31,Bugs
7367,2024-12-11,Bugs
5510,2025-04-13,Bugs
9154,2025-03-28,Switched to another app
8646,2025-03-23,Too many ads
2994,2025-01-01,High battery usage
5111,2024-12-17,Not useful
4097,2025-05-18,Bugs
5789,2024-12-22,Not useful
3532,2025-01-13,Switched to another app
2722,2025-04-10,Switched to another app
4017,2025-01-28,High battery usage
7050,2025-05-03,High battery usage
7731,2025-02-05,High battery usage
213,2024-12-17,Not useful
5107,2025-01-11,Too many ads
3915,2025-05-02,High battery usage
9805,2025-04-28,Not useful
7636,2025-05-05,Bugs
5836,2025-04-24,Not useful
5220,2025-02-05,High battery usage
9157,2025-04-21,Not useful
7991,2025-02-06,Not useful
6789,2025-04-16,Too many ads
6982,2025-03-30,Switched to another app
7141,2025-01-11,Too many ads
2493,2025-03-07,High battery usage
9306,2025-05-13,Not useful
2800,2025-05-21,Switched to another app
2732,2025-05-07,Switched to another app
4220,2025-04-04,Switched to another app
3124,2025-05-14,Switched to another app
747,2025-01-27,Too many ads
8387,2025-04-06,Too many ads
470,2025-05-09,Bugs
3246,2025-03-19,Too many ads
1226,2025-02-20,Too many ads
3923,2024-12-31,Not useful
2962,2025-03-23,Too many ads
2846,2024-12-23,High battery usage
3021,2025-03-14,Too many ads
4105,2025-05-18,High battery usage
1512,2024-12-19,Switched to another app
2667,2024-12-25,Not useful
9003,2024-12-11,Not useful
7567,2025-03-22,Too many ads
1331,2025-02-20,Too many ads
5959,2025-01-22,Not useful
9955,2025-02-19,Bugs
8067,2025-03-29,Switched to another app
9170,2024-12-27,Not useful
8709,2025-05-22,Not useful
9251,2024-12-18,Switched to another app
5565,2025-04-20,Switched to another app
601,2025-05-19,Too many ads
6373,2025-03-27,Not useful
292,2024-12-13,High battery usage
5505,2025-02-19,Not useful
9474,2025-05-01,Switched to another app
2536,2025-01-06,Bugs
5387,2024-12-14,Too many ads
1604,2024-12-27,Switched to another app
7858,2025-01-03,Too many ads
118,2025-04-20,Switched to another app
3733,2025-01-13,Bugs
5469,2025-03-29,Bugs
8019,2025-04-22,Not useful
7965,2025-01-09,High battery usage
3882,2025-03-08,Not useful
7763,2024-12-14,Not useful
4001,2025-01-07,Too many ads
1553,2025-01-20,Bugs
8184,2025-01-05,High battery usage
2819,2025-01-04,Bugs
2903,2025-03-14,Bugs
8026,2025-01-26,Too many ads
1715,2025-01-04,Switched to another app
5642,2025-01-04,Too many ads
6280,2025-01-30,High battery usage
6090,2025-01-30,Switched to another app
6123,2025-01-14,High battery usage
2938,2025-03-13,Not useful
5198,2025-03-24,Not useful
5899,2025-05-25,High battery usage
6677,2025-04-06,Switched to another app
5066,2025-05-20,Too many ads
6730,2025-02-11,Too many ads
1206,2025-03-31,Too many ads
7916,2025-05-19,Switched to another app
8421,2024-12-14,Bugs
540,2025-06-05,High battery usage
1487,2024-12-27,Bugs
1264,2025-05-09,Switched to another app
6334,2025-03-11,High battery usage
5440,2025-02-18,Switched to another app
438,2025-03-24,High battery usage
4171,2025-06-05,Switched to another app
718,2025-06-06,Switched to another app
3044,2025-03-02,Too many ads
5600,2025-04-18,Not useful
5286,2025-01-13,Too many ads
301,2025-04-04,Switched to another app
8967,2025-01-29,Bugs
4759,2025-01-22,Bugs
8389,2025-05-28,Bugs
1859,2025-01-01,High battery usage
7068,2025-04-26,Switched to another app
6355,2024-12-23,Not useful
9782,2025-05-30,Too many ads
9390,2025-05-10,Bugs
1391,2025-05-29,Bugs
1116,2025-03-21,High battery usage
4879,2025-02-24,Too many ads
5729,2025-05-04,Not useful
2824,2025-05-28,Switched to another app
7370,2025-02-02,Switched to another app
9416,2025-01-10,Switched to another app
1352,2025-01-30,High battery usage
8177,2025-02-09,Too many ads
2267,2025-04-27,Switched to another app
6465,2024-12-23,High battery usage
6795,2025-04-01,High battery usage
2334,2024-12-27,Bugs
1445,2025-04-28,High battery usage
2583,2025-02-17,High battery usage
2959,2025-05-11,High battery usage
521,2025-02-22,Not useful
1008,2025-02-24,Switched to another app
497,2025-03-16,High battery usage
237,2025-05-16,Switched to another app
4552,2025-02-28,High battery usage
7456,2025-04-07,High battery usage
4972,2025-04-19,Switched to another app
9814,2025-03-22,High battery usage
9655,2025-01-20,Bugs
3093,2025-06-05,Too many ads
3327,2025-01-09,Not useful
5243,2025-04-13,Bugs
5409,2025-01-02,Switched to another app
4651,2025-05-09,Bugs
7833,2025-03-17,Bugs
3788,2025-02-04,Switched to another app
2364,2025-04-10,Bugs
5308,2025-03-23,Too many ads
7461,2025-03-26,Too many ads
2619,2024-12-27,Too many ads
3474,2024-12-19,Not useful
6770,2025-02-05,Not useful
8857,2024-12-26,Not useful
4383,2025-03-05,Switched to another app
804,2025-06-02,Too many ads
1473,2025-02-24,High battery usage
584,2025-01-30,Bugs
2545,2025-03-06,Bugs
6485,2025-03-05,Too many ads
3106,2025-03-13,Too many ads
3866,2024-12-23,Switched to another app
9688,2025-04-21,Not useful
5367,2024-12-13,Switched to another app
3165,2025-05-31,Too many ads
120,2025-05-24,Switched to another app
3931,2024-12-15,Switched to another app
7402,2025-02-19,Too many ads
9347,2025-05-05,Not useful
9549,2024-12-24,Switched to another app
4818,2024-12-31,High battery usage
3483,2025-05-06,Switched to another app
8465,2025-04-03,Too many ads
4468,2025-03-25,Switched to another app
7412,2024-12-16,Too many ads
2834,2025-06-07,Bugs
8333,2025-03-04,High battery usage
2951,2025-04-13,High battery usage
8155,2025-03-18,Switched to another app
4215,2025-03-26,Bugs
7870,2025-03-11,Bugs
1943,2025-03-08,Not useful
1532,2025-04-20,High battery usage
8096,2025-05-16,High battery usage
8321,2025-04-19,Switched to another app
2920,2025-01-20,Too many ads
8896,2024-12-24,Switched to another app
8570,2025-02-11,Switched to another app
5418,2024-12-19,Switched to another app
5123,2025-04-21,Not useful
8069,2025-01-31,High battery usage
788,2025-01-28,Bugs
3662,2024-12-29,Too many ads
5526,2025-03-05,Bugs
4076,2025-05-11,Bugs
8838,2025-05-22,Bugs
4638,2025-01-07,Too many ads
6538,2024-12-26,Bugs
2648,2025-05-12,Too many ads
3798,2025-04-23,Not useful
9011,2025-01-18,High battery usage
4491,2025-05-15,High battery usage
6488,2025-02-03,Switched to another app
1635,2025-04-19,Not useful
2862,2025-03-19,Bugs
2871,2025-01-05,Too many ads
771,2024-12-23,Switched to another app
9947,2025-01-01,High battery usage
6635,2025-02-26,Too many ads
1139,2025-03-22,Bugs
722,2024-12-26,Switched to another app
6017,2025-01-27,Not useful
1945,2025-02-16,Too many ads
7145,2025-03-12,Bugs
2519,2025-01-15,Too many ads
7618,2025-05-26,Bugs
5955,2025-03-10,High battery usage
6818,2025-01-03,Bugs
9530,2024-12-31,Switched to another app
4250,2024-12-21,High battery usage
445,2024-12-25,Too many ads
8122,2025-05-08,High battery usage
3919,2025-04-02,High battery usage
6769,2024-12-11,Not useful
6302,2025-02-03,Switched to another app
7964,2025-05-28,Too many ads
290,2025-02-27,High battery usage
7869,2025-01-03,Too many ads
3697,2025-05-17,High battery usage
7557,2025-05-28,Too many ads
4817,2025-01-16,High battery usage
9999,2025-02-25,High battery usage
2105,2025-05-09,Not useful
6728,2024-12-18,Too many ads
6265,2025-01-08,Not useful
9825,2025-01-31,Bugs
1433,2025-05-29,Switched to another app
3688,2025-03-25,High battery usage
6888,2025-04-06,Bugs
2441,2025-04-02,High battery usage
6509,2025-03-16,High battery usage
5379,2025-02-04,Not useful
1533,2025-04-10,High battery usage
6884,2025-05-10,Switched to another app
7115,2025-01-12,High battery usage
8257,2024-12-22,High battery usage
7375,2025-05-06,Switched to another app
6671,2025-02-26,High battery usage
2357,2025-04-18,Bugs
4128,2024-12-25,High battery usage
5294,2025-01-11,Too many ads
2013,2025-03-29,Too many ads
908,2024-12-30,Bugs
7735,2024-12-11,Switched to another app
3036,2025-05-20,Too many ads
5585,2025-01-17,Switched to another app
6495,2025-01-10,Switched to another app
1425,2025-03-01,Not useful
2492,2025-05-25,Too many ads
4749,2024-12-29,Bugs
6027,2025-05-31,Too many ads
4641,2025-05-29,Too many ads
1413,2025-04-13,Not useful
4295,2024-12-23,High battery usage
5452,2025-03-10,High battery usage
7182,2025-05-26,Not useful
2132,2025-06-02,Too many ads
7600,2025-04-22,Switched to another app
9351,2025-05-27,Not useful
8843,2025-03-28,Switched to another app
839,2025-05-04,Too many ads
4898,2024-12-15,High battery usage
1989,2025-03-17,Switched to another app
3466,2024-12-25,Too many ads
952,2025-01-22,Too many ads
5792,2025-02-16,Too many ads
4484,2025-01-15,Not useful
8137,2025-05-27,Too many ads
7211,2025-01-14,High battery usage
2852,2025-03-01,Switched to another app
8696,2025-05-09,High battery usage
6132,2025-04-09,Not useful
4422,2025-01-25,Bugs
5752,2025-05-18,High battery usage
733,2025-03-29,Too many ads
3355,2024-12-24,Switched to another app
1117,2025-06-06,Bugs
8907,2025-01-01,Switched to another app
9892,2025-04-19,Not useful
8379,2025-04-16,Too many ads
6432,2025-04-20,Switched to another app
4973,2025-03-02,High battery usage
174,2025-03-11,Not useful
28,2025-01-11,Too many ads
6950,2025-05-07,Too many ads
4523,2025-04-15,Too many ads
2566,2025-02-18,Too many ads
5902,2025-04-06,Switched to another app
8254,2025-04-19,Not useful
139,2025-04-09,High battery usage
8125,2025-03-29,Not useful
169,2025-05-15,High battery usage
5310,2025-03-11,Too many ads
5904,2025-06-01,High battery usage
6174,2024-12-15,High battery usage
7894,2025-01-22,High battery usage
9417,2025-01-20,Bugs
3084,2025-04-26,Not useful
8009,2025-03-11,Not useful
6073,2025-01-16,Switched to another app
8887,2025-03-12,High battery usage
7207,2025-04-02,High battery usage
423,2024-12-28,Bugs
2663,2024-12-21,Switched to another app
2521,2025-03-08,Bugs
1759,2025-04-27,Switched to another app
7428,2025-04-15,Switched to another app
9683,2025-04-23,Too many ads
5485,2025-02-11,Switched to another app
1929,2025-02-24,Not useful
8140,2025-04-10,High battery usage
1354,2025-03-16,Not useful
6040,2025-04-08,Not useful
4127,2025-02-13,Bugs
9597,2025-06-06,Not useful
3133,2025-01-31,Not useful
4906,2025-05-13,Not useful
5602,2024-12-12,Not useful
4197,2025-01-03,High battery usage
9442,2024-12-30,Not useful
7594,2025-02-12,Bugs
5407,2025-05-20,Not useful
6761,2025-04-05,Not useful
8206,2025-01-05,Bugs
6698,2025-06-04,Not useful
3145,2025-06-02,Too many ads
3360,2025-01-20,Not useful
4563,2025-01-24,Too many ads
5615,2025-02-21,Not useful
5085,2024-12-28,Not useful
2509,2025-04-15,Not useful
6028,2025-03-25,Bugs
7118,2025-02-14,Switched to another app
6071,2025-04-14,Too many ads
4146,2025-05-28,Not useful
9435,2025-01-13,Switched to another app
7494,2025-03-10,Bugs
8449,2024-12-13,Bugs
1729,2025-06-02,Switched to another app
255,2024-12-11,High battery usage
4580,2025-04-13,High battery usage
1871,2025-05-25,High battery usage
396,2025-06-07,Switched to another app
2850,2025-02-11,Not useful
3406,2025-05-16,Switched to another app
6772,2025-02-12,Switched to another app
8672,2025-02-19,Not useful
3715,2025-04-20,Bugs
2784,2024-12-18,High battery usage
1188,2024-12-24,Bugs
8900,2025-04-05,High battery usage
222,2025-05-06,High battery usage
7437,2025-06-06,Switched to another app
6964,2025-04-12,Bugs
5516,2025-03-14,High battery usage
3598,2024-12-17,Switched to another app
2649,2025-03-01,Switched to another app
4730,2025-03-25,Not useful
4027,2025-05-25,Bugs
848,2025-05-15,High battery usage
8335,2024-12-20,High battery usage
1768,2025-02-03,Too many ads
6100,2025-01-06,Bugs
1068,2025-04-24,High battery usage
7740,2025-04-24,Not useful
5117,2025-05-29,High battery usage
3975,2024-12-26,Too many ads
3295,2025-05-24,Bugs
1006,2024-12-17,Bugs
5328,2025-03-11,High battery usage
8083,2025-03-30,High battery usage
8758,2025-02-09,Switched to another app
9797,2025-01-01,Too many ads
1414,2025-04-05,Not useful
8267,2024-12-12,Bugs
8305,2025-03-25,Not useful
2339,2025-01-15,Switched to another app
9801,2025-05-30,Bugs
9052,2025-02-20,Bugs
6195,2025-03-28,Switched to another app
5965,2025-01-14,Bugs
4223,2025-04-22,Too many ads
3465,2025-01-07,Bugs
7776,2025-05-19,Bugs
985,2025-05-12,High battery usage
2453,2025-03-14,Bugs
4738,2025-01-25,High battery usage
4198,2025-05-23,Bugs
1505,2025-06-01,High battery usage
602,2025-01-19,Switched to another app
4238,2025-04-14,Bugs
1743,2025-06-07,Not useful
2056,2025-01-24,Too many ads
9493,2024-12-26,Too many ads
5340,2025-04-02,Too many ads
7165,2025-03-13,Switched to another app
6926,2025-03-04,High battery usage
1716,2025-04-29,Too many ads
352,2025-06-05,Switched to another app
6217,2025-02-15,Switched to another app
1684,2025-06-08,High battery usage
2820,2025-05-07,Too many ads
2534,2025-02-24,Too many ads
6269,2024-12-30,Too many ads
847,2025-06-03,Too many ads
1141,2025-01-05,Bugs
7692,2025-02-17,Bugs
4081,2025-02-02,High battery usage
8476,2024-12-25,Switched to another app
5554,2025-05-18,Too many ads
4121,2025-02-19,Not useful
8392,2025-04-07,High battery usage
5912,2025-01-02,Too many ads
395,2025-04-10,High battery usage
3487,2025-05-07,Switched to another app
7099,2025-04-13,Too many ads
7658,2024-12-29,Switched to another app
4374,2025-02-21,Switched to another app
1756,2025-06-08,High battery usage
6191,2025-02-04,Bugs
8126,2025-03-23,Not useful
7803,2025-05-15,Switched to another app
1302,2025-01-13,Bugs
58,2025-02-20,Too many ads
9642,2025-04-16,High battery usage
7422,2025-04-21,Not useful
8364,2025-03-15,Too many ads
3624,2025-02-16,Not useful
8077,2025-03-25,Bugs
6399,2025-02-27,Too many ads
7324,2025-02-04,High battery usage
979,2025-02-10,Bugs
6576,2024-12-24,Bugs
6699,2025-01-06,High battery usage
4458,2025-05-22,Bugs
6744,2024-12-20,Too many ads
2210,2025-01-22,High battery usage
3098,2025-02-08,Not useful
7009,2025-01-01,High battery usage
207,2025-04-25,High battery usage
4195,2025-05-13,Bugs
9880,2025-02-08,Too many ads
9570,2025-02-22,Too many ads
9634,2025-04-26,Bugs
1787,2025-01-22,High battery usage
2116,2025-05-26,Too many ads
2230,2024-12-29,High battery usage
3140,2025-04-28,Switched to another app
5457,2025-04-15,Too many ads
5934,2025-01-25,Not useful
919,2025-05-20,Switched to another app
4285,2025-01-22,Too many ads
5124,2025-01-06,Too many ads
2245,2025-04-29,Not useful
837,2025-01-07,Bugs
1683,2025-06-01,Switched to another app
9816,2025-03-14,Switched to another app
8562,2025-01-09,Too many ads
6287,2025-02-01,Too many ads
1788,2025-02-05,Not useful
2643,2025-02-06,Bugs
1310,2025-04-26,High battery usage
5753,2025-06-03,Not useful
6933,2024-12-24,Too many ads
4311,2025-05-05,Bugs
7209,2025-02-06,High battery usage
1762,2025-03-13,High battery usage
3908,2025-01-25,Not useful
9719,2024-12-26,Switched to another app
6571,2025-05-03,Switched to another app
7975,2025-02-11,Too many ads
8012,2025-05-02,Not useful
9132,2024-12-20,Not useful
4601,2024-12-27,Not useful
1713,2025-04-06,Not useful
1009,2024-12-12,Too many ads
3985,2025-01-01,Not useful
7553,2025-05-28,Too many ads
6189,2025-04-20,Too many ads
9015,2025-03-08,Too many ads
4175,2025-05-08,Too many ads
5453,2025-02-01,Bugs
8356,2024-12-26,Switched to another app
3264,2025-03-10,High battery usage
4191,2025-04-05,High battery usage
2809,2025-01-12,Too many ads
3270,2025-01-26,Too many ads
8731,2025-05-17,Too many ads
7349,2025-04-16,Not useful
2342,2025-06-02,Not useful
900,2025-03-29,Too many ads
1453,2025-05-13,Switched to another app
1415,2025-01-22,High battery usage
1801,2025-01-16,Not useful
8452,2025-03-09,Too many ads
7033,2025-05-13,High battery usage
9919,2025-01-13,Switched to another app
1429,2025-02-20,Bugs
4904,2025-01-30,Bugs
6743,2025-04-15,Bugs
2650,2025-03-01,Switched to another app
6580,2025-05-16,Too many ads
5183,2025-02-27,Switched to another app
2030,2025-02-11,Bugs
6320,2025-04-11,Bugs
8634,2024-12-24,Bugs
8292,2025-04-25,Bugs
5041,2025-06-04,Switched to another app
4634,2025-05-28,Switched to another app
7849,2025-04-13,Not useful
4752,2025-05-01,High battery usage
6589,2025-05-04,Switched to another app
8180,2025-03-27,Too many ads
7320,2025-06-03,Switched to another app
7920,2025-02-20,Too many ads
8138,2025-03-20,Switched to another app
6613,2025-03-02,Too many ads
3229,2024-12-31,Not useful
8804,2024-12-30,Too many ads
7104,2025-05-04,High battery usage
7742,2025-02-18,Not useful
1887,2025-03-07,Too many ads
5334,2024-12-28,Not useful
4559,2025-03-24,Not useful
6823,2024-12-14,High battery usage
1682,2025-01-30,Not useful
7917,2025-04-03,Bugs
5639,2025-03-04,Switched to another app
1913,2025-04-05,Bugs
7781,2025-04-10,Not useful
3042,2025-04-24,Switched to another app
6610,2024-12-29,Too many ads
8703,2025-03-15,Not useful
8797,2025-01-30,Bugs
5305,2024-12-11,Too many ads
1013,2025-05-28,Too many ads
3143,2025-02-14,High battery usage
8533,2025-01-16,High battery usage
4485,2025-04-19,Not useful
9444,2025-05-05,Not useful
5047,2025-02-28,Switched to another app
5441,2025-05-02,Switched to another app
9817,2025-05-17,Switched to another app
6642,2025-04-03,High battery usage
5535,2025-04-05,Switched to another app
6388,2025-01-17,Not useful
9601,2025-01-12,Switched to another app
9007,2025-05-28,Bugs
2763,2025-02-13,High battery usage
1948,2025-03-22,Not useful
8522,2025-04-13,Switched to another app
7552,2025-04-11,Bugs
5465,2024-12-14,Too many ads
5991,2025-01-15,Not useful
9411,2025-04-10,Not useful
3254,2025-03-08,Bugs
6053,2025-01-21,Switched to another app
7269,2025-01-09,Bugs
8751,2024-12-24,Switched to another app
9033,2025-03-16,Bugs
6467,2025-01-13,Bugs
8856,2025-05-19,High battery usage
1826,2025-02-25,Bugs
7405,2025-02-13,High battery usage
8531,2025-03-10,Not useful
2725,2025-01-02,High battery usage
6680,2025-04-04,High battery usage
6605,2024-12-14,Too many ads
3906,2025-03-05,High battery usage
5193,2025-02-14,Not useful
4538,2025-02-01,High battery usage
302,2025-03-25,Bugs
2851,2025-03-04,High battery usage
5609,2025-04-09,Not useful
6543,2025-02-22,Bugs
3429,2025-01-08,Not useful
6356,2024-12-25,High battery usage
3052,2025-04-22,Not useful
4473,2024-12-25,Too many ads
8558,2024-12-24,Not useful
7001,2025-01-03,Not useful
2539,2025-02-01,Too many ads
8247,2025-05-30,High battery usage
5038,2025-02-15,High battery usage
2065,2025-01-08,Bugs
6932,2025-06-04,Not useful
230,2025-05-11,Bugs
2104,2025-01-05,Switched to another app
4636,2025-02-16,Bugs
9095,2025-05-28,Not useful
119,2025-01-23,Not useful
1631,2025-06-01,Bugs
4107,2025-04-24,Too many ads
5384,2025-03-17,High battery usage
570,2025-01-05,Too many ads
24,2025-03-15,Switched to another app
9267,2025-04-14,Not useful
2661,2025-03-11,Switched to another app
7218,2025-03-31,High battery usage
3642,2025-05-05,Bugs
5928,2025-04-29,Not useful
8198,2025-05-09,Switched to another app
4125,2025-04-25,High battery usage
7392,2024-12-30,Too many ads
6773,2025-01-04,Too many ads
8951,2025-05-04,Not useful
9278,2025-05-19,Switched to another app
9450,2025-01-23,Switched to another app
7802,2025-02-21,Not useful
1143,2024-12-27,Not useful
9774,2025-01-02,Too many ads
2097,2025-03-04,High battery usage
562,2025-06-06,Not useful
1777,2025-01-06,Switched to another app
3193,2025-04-01,High battery usage
8068,2025-05-13,Switched to another app
569,2025-01-22,Switched to another app
5522,2024-12-16,Bugs
7464,2025-05-17,High battery usage
3401,2025-04-07,Bugs
5269,2025-03-21,Not useful
7787,2025-03-28,High battery usage
3354,2025-01-24,Too many ads
5839,2025-02-10,Switched to another app
7284,2025-04-15,Too many ads
6849,2024-12-14,Too many ads
160,2025-02-17,Bugs
4118,2025-05-19,Too many ads
1881,2025-05-13,Too many ads
1779,2025-05-01,Not useful
6272,2025-04-12,High battery usage
9885,2025-04-27,Not useful
1581,2025-04-29,Switched to another app
1301,2025-04-20,Too many ads
3304,2024-12-17,Switched to another app
1901,2025-02-02,Not useful
2715,2025-03-31,Not useful
9776,2025-05-08,Not useful
9005,2025-01-28,Not useful
1380,2025-03-30,Too many ads
2194,2025-01-05,High battery usage
3095,2025-03-29,Not useful
5309,2024-12-15,Not useful
741,2024-12-17,High battery usage
14,2025-04-05,Too many ads
80,2025-03-19,Not useful
8652,2024-12-25,Too many ads
6134,2025-06-08,Too many ads
2483,2024-12-14,Switched to another app
3146,2025-03-04,Too many ads
805,2025-03-21,Switched to another app
5028,2025-04-05,Switched to another app
7249,2025-02-26,High battery usage
9478,2025-02-01,Too many ads
60,2025-02-23,Too many ads
2691,2025-01-08,Too many ads
9938,2025-03-03,Switched to another app
5196,2025-06-06,Bugs
5711,2025-01-23,High battery usage
9350,2025-05-13,High battery usage
7478,2025-05-23,Not useful
4372,2025-04-12,Bugs
9500,2025-01-19,Bugs
3243,2025-02-20,Bugs
9094,2025-01-11,Not useful
6634,2025-04-27,Not useful
8579,2025-03-21,Too many ads
7538,2025-01-13,Not useful
6531,2025-05-22,High battery usage
6079,2025-02-19,Too many ads
9496,2025-04-09,Switched to another app
3711,2025-03-07,Switched to another app
8444,2025-01-05,Bugs
3233,2025-05-28,High battery usage
390,2024-12-20,High battery usage
2303,2025-02-28,Bugs
9326,2025-01-15,Too many ads
6472,2024-12-26,High battery usage
2246,2025-04-06,High battery usage
2913,2025-03-04,Switched to another app
2129,2025-03-15,Switched to another app
1778,2025-04-21,Not useful
536,2025-02-20,Bugs
6500,2024-12-12,Bugs
4669,2025-06-01,Bugs
3223,2025-04-18,Switched to another app
6812,2025-02-15,Too many ads
5463,2025-03-19,Switched to another app
7771,2025-01-29,High battery usage
171,2025-02-17,Bugs
5880,2025-05-02,Switched to another app
6455,2024-12-23,High battery usage
131,2025-03-24,Too many ads
3546,2025-01-27,Too many ads
4835,2025-05-12,High battery usage
8934,2025-01-15,Too many ads
2806,2025-05-17,High battery usage
2818,2025-01-17,Switched to another app
3993,2025-04-09,Bugs
282,2025-05-17,Switched to another app
8997,2025-01-15,High battery usage
6911,2025-02-08,Not useful
5046,2025-03-31,Too many ads
8186,2025-02-20,Switched to another app
6377,2025-01-23,Too many ads
9482,2025-04-06,High battery usage
7679,2025-04-04,Not useful
1317,2025-01-17,Switched to another app
130,2025-02-01,High battery usage
8553,2025-05-24,Not useful
4611,2025-02-13,Too many ads
2147,2025-03-16,Not useful
9491,2025-05-14,Not useful
2977,2024-12-27,High battery usage
7880,2024-12-22,Not useful
4449,2025-04-19,Too many ads
5858,2025-01-24,Not useful
4329,2025-04-09,Not useful
4174,2025-03-16,Switched to another app
5021,2024-12-27,High battery usage
4475,2025-01-18,Too many ads
7330,2025-05-31,Too many ads
6046,2025-06-01,Switched to another app
2208,2025-03-27,Switched to another app
740,2025-06-05,Not useful
4703,2025-01-01,Too many ads
6177,2025-02-23,Too many ads
4505,2025-04-28,High battery usage
5598,2025-02-08,High battery usage
5507,2025-05-23,Switched to another app
457,2025-02-22,Bugs
5818,2025-05-28,Switched to another app
4038,2025-06-03,Not useful
7232,2025-02-07,High battery usage
8505,2025-02-12,Bugs
6076,2025-05-02,Not useful
660,2025-05-18,Bugs
1740,2025-05-28,Switched to another app
2968,2024-12-20,Bugs
2854,2024-12-11,Switched to another app
4687,2025-03-27,Switched to another app
6476,2024-12-20,Not useful
3161,2025-05-16,High battery usage
4819,2024-12-17,High battery usage
4515,2025-05-01,High battery usage
5935,2025-05-06,Too many ads
3638,2025-01-27,Too many ads
7188,2025-04-04,Too many ads
7062,2025-03-07,Too many ads
8824,2025-03-04,Not useful
7398,2025-03-23,Bugs
3564,2025-04-25,Bugs
12,2025-05-02,Switched to another app
1399,2025-05-09,High battery usage
110,2025-01-26,Too many ads
3506,2025-05-12,Not useful
993,2024-12-26,Not useful
4497,2024-12-13,Too many ads
7129,2025-01-24,Too many ads
2869,2025-02-26,High battery usage
7616,2025-02-28,Switched to another app
9389,2025-01-22,Too many ads
8320,2025-01-06,Too many ads
7756,2025-06-05,High battery usage
9568,2025-03-19,Not useful
5115,2025-03-10,Too many ads
6184,2025-03-29,Not useful
6056,2025-06-02,Too many ads
4293,2025-05-25,Too many ads
4103,2025-04-09,Not useful
4833,2025-04-28,Not useful
3234,2025-04-15,Too many ads
1383,2025-05-25,High battery usage
113,2025-01-19,Too many ads
7410,2025-02-08,High battery usage
4079,2025-02-22,Too many ads
241,2025-05-13,Switched to another app
1078,2025-02-28,Not useful
6428,2025-01-17,Bugs
143,2025-06-05,Not useful
3716,2025-04-28,Bugs
9501,2025-01-28,Bugs
2637,2025-01-19,High battery usage
8622,2025-06-06,Bugs
1371,2025-05-13,Not useful
5282,2025-04-02,Switched to another app
5822,2025-04-01,Bugs
1319,2025-05-21,Too many ads
6995,2025-01-09,Switched to another app
4920,2025-04-30,Switched to another app
5986,2025-03-21,Too many ads
4685,2025-04-11,Not useful
7596,2025-01-28,Too many ads
2917,2025-02-27,Not useful
5976,2025-05-05,Too many ads
6587,2025-05-07,Too many ads
7179,2025-05-13,Bugs
1467,2025-03-25,High battery usage
5215,2025-01-19,Switched to another app
7420,2025-01-24,Switched to another app
744,2024-12-27,High battery usage
9974,2025-04-17,Switched to another app
8508,2025-03-21,High battery usage
5756,2025-06-01,Too many ads
6592,2025-03-21,High battery usage
3287,2025-04-23,Bugs
5536,2025-01-27,Not useful
5909,2024-12-28,Too many ads
633,2025-03-21,Switched to another app
5592,2025-03-29,Too many ads
3562,2024-12-29,Not useful
2522,2025-05-27,Switched to another app
1640,2025-01-13,Bugs
8730,2025-04-15,Bugs
7368,2025-02-24,Too many ads
2974,2025-05-02,Too many ads
2434,2025-05-14,Too many ads
261,2025-05-07,Too many ads
9928,2025-06-07,High battery usage
7801,2025-04-20,Not useful
8517,2025-01-24,Switched to another app
7447,2025-03-22,High battery usage
325,2025-01-03,High battery usage
7436,2025-03-09,Switched to another app
7837,2025-04-02,High battery usage
2285,2025-02-06,Too many ads
134,2025-04-13,Too many ads
8823,2025-03-21,Switched to another app
6066,2025-03-14,High battery usage
2591,2025-05-18,Not useful
8555,2025-04-05,Bugs
4373,2025-03-31,Too many ads
8374,2025-02-19,Not useful
4116,2025-05-19,Too many ads
3587,2024-12-21,High battery usage
8670,2025-06-02,High battery usage
7875,2025-01-06,High battery usage
2753,2025-05-23,Switched to another app
5527,2025-03-23,Bugs
6005,2025-03-27,High battery usage
931,2024-12-19,Switched to another app
6236,2025-01-10,Too many ads
8687,2025-04-29,Not useful
7192,2025-03-15,High battery usage
4659,2025-04-21,Not useful
7582,2025-04-25,Bugs
9421,2025-02-22,Not useful
9869,2025-01-03,Not useful
491,2025-05-26,Switched to another app
1557,2025-05-30,High battery usage
1809,2025-04-16,Not useful
8298,2025-05-21,Bugs
5223,2025-03-18,High battery usage
4675,2025-05-05,High battery usage
4246,2025-05-24,Not useful
45,2025-06-06,High battery usage
1886,2025-06-06,Bugs
888,2025-05-28,Switched to another app
3551,2025-04-30,Bugs
2269,2025-05-06,Too many ads
8187,2024-12-23,Bugs
5435,2025-04-23,Not useful
4481,2025-02-21,Not useful
8164,2025-03-20,Switched to another app
8624,2025-01-16,High battery usage
1077,2025-01-16,Bugs
7364,2025-03-15,Bugs
7210,2025-05-22,Switched to another app
121,2025-05-08,Switched to another app
3069,2025-01-06,High battery usage
5697,2025-01-29,Too many ads
2127,2025-05-02,Too many ads
4110,2025-02-25,Not useful
8014,2025-05-07,High battery usage
6394,2024-12-26,Switched to another app
6353,2025-03-23,High battery usage
8964,2025-02-14,High battery usage
987,2025-05-17,Switched to another app
7678,2025-04-22,High battery usage
1327,2025-04-24,Not useful
653,2024-12-16,Too many ads
2379,2025-05-28,High battery usage
4811,2024-12-15,Bugs
9981,2025-03-05,Bugs
287,2024-12-25,Too many ads
9764,2024-12-31,High battery usage
7458,2024-12-29,High battery usage
8560,2025-02-01,High battery usage
6741,2025-01-07,Not useful
4995,2025-05-20,Switched to another app
1680,2025-03-07,Bugs
9243,2024-12-23,Too many ads
588,2024-12-25,High battery usage
4024,2025-03-21,Switched to another app
5755,2025-01-13,Switched to another app
476,2025-03-15,Not useful
2904,2025-05-19,Switched to another app
4517,2025-02-25,Too many ads
4949,2024-12-26,High battery usage
5688,2025-01-29,Bugs
4672,2024-12-31,Not useful
3537,2025-03-15,Too many ads
782,2025-03-03,Not useful
5428,2025-02-17,High battery usage
1290,2025-04-28,Not useful
5990,2024-12-12,High battery usage
1979,2025-02-14,Bugs
2739,2025-04-13,Not useful
8425,2025-01-05,High battery usage
9600,2025-04-20,High battery usage
4518,2025-05-16,Too many ads
2343,2025-03-13,Bugs
5360,2025-02-08,Bugs
5946,2025-01-31,Bugs
2777,2025-05-26,Switched to another app
4988,2025-05-31,Bugs
6266,2025-04-12,Bugs
6181,2025-01-07,Bugs
2389,2025-03-04,Not useful
3127,2025-02-15,Not useful
3012,2024-12-18,Too many ads
8712,2025-03-18,Bugs
493,2025-05-19,High battery usage
4157,2025-02-20,Bugs
9968,2025-04-26,High battery usage
8195,2025-04-15,Not useful
6168,2025-05-25,Not useful
2003,2025-06-02,Too many ads
4145,2025-04-13,Bugs
8169,2025-02-19,Not useful
2941,2025-04-06,Bugs
9895,2025-05-25,Not useful
173,2025-03-27,Not useful
3224,2025-05-02,Not useful
6323,2025-01-17,Switched to another app
671,2025-05-26,Bugs
5870,2025-03-30,Bugs
7873,2025-02-10,Bugs
3729,2025-03-18,High battery usage
4353,2025-01-25,Not useful
7956,2024-12-20,Not useful
6364,2024-12-22,Not useful
9296,2025-05-05,High battery usage
3073,2025-01-09,Too many ads
5185,2024-12-31,Not useful
5288,2024-12-22,Bugs
3898,2025-01-07,Bugs
4300,2025-04-09,Too many ads
4302,2025-02-23,High battery usage
2687,2025-05-24,Not useful
1781,2025-03-17,Not useful
5953,2025-01-20,High battery usage
7496,2025-04-14,High battery usage
9765,2025-02-09,Not useful
4242,2024-12-15,High battery usage
8830,2025-01-03,Too many ads
7800,2025-01-31,Bugs
1041,2025-04-27,Too many ads
6379,2025-03-30,Not useful
2419,2025-05-30,Switched to another app
7948,2025-06-03,Not useful
8473,2025-01-25,High battery usage
4832,2025-02-09,Too many ads
5559,2025-01-12,Switched to another app
796,2025-04-23,Not useful
4657,2025-06-07,Bugs
9564,2025-05-01,Too many ads
932,2025-05-19,Switched to another app
6082,2025-04-12,Switched to another app
5323,2025-02-10,Switched to another app
8666,2025-01-31,Too many ads
7247,2025-05-21,High battery usage
6715,2025-03-20,High battery usage
7172,2025-05-31,High battery usage
2054,2025-03-10,High battery usage
803,2024-12-30,Bugs
7655,2025-02-10,High battery usage
7571,2025-04-26,Bugs
8134,2025-03-06,Too many ads
9314,2025-04-01,Bugs
3076,2024-12-19,High battery usage
4895,2025-05-06,Too many ads
5647,2025-02-04,Switched to another app
5224,2025-02-13,Not useful
3177,2024-12-18,Switched to another app
7646,2025-04-23,High battery usage
4280,2025-03-16,High battery usage
7518,2025-01-24,Bugs
5517,2025-02-19,High battery usage
2730,2025-01-16,High battery usage
545,2024-12-26,Switched to another app
4883,2025-03-10,Not useful
2293,2025-01-12,Not useful
8040,2025-01-03,Too many ads
2409,2025-01-17,Switched to another app
77,2024-12-19,Bugs
3684,2025-05-14,High battery usage
5404,2025-03-27,High battery usage
9465,2025-01-07,Bugs
4450,2025-06-08,Bugs
6447,2025-01-31,Not useful
8963,2025-04-19,Bugs
5235,2025-03-09,High battery usage
4230,2025-05-11,High battery usage
9399,2024-12-30,Switched to another app
8527,2025-01-25,High battery usage
9582,2025-05-24,Bugs
3331,2025-05-06,Switched to another app
8699,2025-04-02,High battery usage
2248,2025-01-13,Not useful
83,2025-05-06,Switched to another app
9544,2025-04-01,Switched to another app
4989,2025-01-08,Not useful
5583,2025-05-04,Not useful
5427,2025-05-21,Bugs
6956,2025-02-07,Not useful
1883,2025-05-27,Too many ads
8301,2025-04-17,Not useful
4590,2025-03-31,Switched to another app
9890,2025-05-02,Too many ads
1808,2024-12-19,Switched to another app
5847,2025-02-19,Switched to another app
1348,2024-12-13,Switched to another app
7946,2025-02-19,Not useful
1468,2025-04-14,High battery usage
3261,2025-03-18,High battery usage
844,2025-02-22,Not useful
343,2025-03-16,Switched to another app
7020,2025-04-08,Not useful
7199,2024-12-14,Bugs
7682,2025-06-08,Not useful
8087,2025-02-07,Switched to another app
3486,2025-04-18,Switched to another app
9160,2025-06-04,High battery usage
1646,2025-01-03,High battery usage
3783,2025-06-01,Not useful
9190,2025-05-24,Not useful
3641,2025-04-12,Bugs
1417,2025-04-22,Too many ads
